,success
1903,1
16782,1
4582,1
1324,1
5413,1
1703,1
22415,1
17041,1
22267,1
18779,1
18182,1
11970,0
676,1
314,1
4360,1
18594,1
8271,1
17969,1
18750,1
10989,1
13243,1
985,1
2457,1
17017,1
22629,1
7175,1
20127,1
8715,1
11677,1
16883,1
14122,1
15731,1
19049,1
13191,1
20340,0
8402,1
10143,1
12084,1
16238,1
7133,1
17985,1
16098,1
10781,1
20027,1
22959,1
21584,1
8514,1
13110,1
6720,1
18104,0
4752,1
2245,0
19033,1
15189,1
13267,1
2854,1
16346,0
22328,1
16831,1
11898,1
16104,1
23554,1
20284,1
17785,1
9906,0
20462,1
17302,1
7511,1
14768,1
4661,1
15083,1
22972,1
22446,1
5474,1
13389,0
19182,0
11414,1
5651,1
8651,1
7429,1
20249,1
6567,1
773,1
19570,1
19035,1
4754,1
3922,1
3229,1
15826,1
6138,0
13870,1
21111,1
5216,1
8175,1
20147,1
17142,1
18520,1
709,1
9848,1
5484,1
3599,1
8884,1
9177,1
23362,1
9533,1
10544,1
7556,1
13527,1
8119,1
15689,1
18756,1
20373,1
21369,1
7195,1
15066,1
1564,1
4491,1
17743,1
21433,0
6263,1
2010,1
17484,0
5822,1
7213,1
16556,1
22742,1
5749,1
7936,1
4740,1
12627,1
12005,1
19306,1
21213,1
8150,0
16276,1
2756,1
1704,1
21410,1
13366,1
10918,1
18810,0
15647,1
17486,1
2494,1
8970,1
14361,1
3496,1
2945,1
2973,1
4213,1
23303,0
9397,1
1175,1
1332,1
8916,1
12945,1
20672,1
17144,0
7577,1
18530,1
5320,1
22545,1
19938,1
7753,1
1639,1
4452,1
10838,1
17102,1
8219,1
8478,1
1095,0
4489,1
18837,1
13212,1
8555,1
13505,1
17276,1
12424,1
10914,1
2345,0
21160,1
5259,1
14391,1
8985,1
18801,0
7917,1
22904,0
10600,1
19674,1
23215,1
1484,1
8836,1
7536,1
12545,1
9999,1
5032,1
7538,1
19414,1
15135,1
5128,0
21075,1
11944,1
7341,0
23351,1
18302,1
19942,0
9253,1
7631,1
2049,1
21638,1
7998,1
5884,1
19005,1
8253,1
2894,1
18811,0
1919,1
1861,1
15877,0
13384,1
1307,1
22132,1
10226,1
10682,1
17567,1
10440,1
15902,1
5265,1
6646,1
1849,1
22463,1
65,1
1474,1
1245,1
10336,0
23656,1
16454,1
15533,1
3016,1
9583,1
13902,1
18312,1
1160,1
21002,1
16330,1
17184,1
19178,1
16332,1
13015,1
21606,1
14109,0
7167,1
10609,1
6251,1
2404,1
13438,1
17003,1
17896,1
13982,0
11443,1
21842,1
8628,1
739,0
9119,1
21932,1
10830,1
8682,1
15387,1
16344,1
17397,1
23299,1
17965,0
9378,1
10257,1
794,1
18109,1
7021,1
20397,1
687,1
17659,1
3711,1
12317,1
8433,1
10232,1
16996,1
1662,1
3755,1
13143,1
5419,1
22610,1
8147,1
5084,1
19057,1
996,1
4915,1
7383,1
18941,1
13810,1
22210,1
4228,1
6784,0
7149,1
19070,1
16020,1
14555,1
14175,1
6669,1
4871,1
13754,0
947,1
12242,1
9355,1
14478,1
15198,1
17689,1
17373,1
94,1
15315,1
18439,1
22065,1
5386,0
21183,1
16740,1
23025,1
23138,1
16517,1
13437,1
23411,0
5699,1
18761,1
4438,1
16671,1
12244,1
12156,1
17078,1
21613,1
2396,1
5778,1
13972,1
18232,1
5156,1
11619,1
16706,1
20299,1
725,1
3821,1
9012,1
2372,1
14220,1
13591,0
8102,1
9945,0
18603,1
14960,1
14814,1
14714,1
1899,1
8415,1
13036,1
7150,1
2108,1
5671,1
7152,1
3320,1
20765,1
7160,1
23072,1
1467,1
21569,1
15250,1
10871,1
18246,1
8876,1
13468,1
19818,1
22688,1
3788,1
22889,1
22997,1
16701,1
19106,1
18123,1
8778,1
14906,1
3112,1
1757,1
10881,1
23146,1
7600,1
19248,0
2163,1
18083,1
5873,1
2889,1
15498,1
10817,1
5610,1
6296,1
15490,1
21524,1
4411,1
2952,1
21152,1
4541,1
9699,0
18524,1
17555,1
15249,1
13811,1
17617,0
8642,1
19962,1
19382,1
3931,1
18319,1
4155,1
11248,1
19741,1
404,1
23687,1
5452,1
11174,1
19386,1
9698,1
13358,1
14976,1
12024,1
9723,1
18543,1
1234,1
1628,1
23194,1
17808,1
5700,1
18585,1
15320,1
11577,1
13544,1
3294,0
15721,1
16724,1
14667,1
6422,0
22125,1
23058,1
13878,1
14249,1
21221,1
16846,1
6217,1
70,1
8364,0
12361,1
968,1
21687,1
6182,1
9066,1
1577,1
14334,1
19678,1
22303,1
23119,0
9890,0
9211,1
8996,1
0,1
15447,1
12418,1
19426,1
1365,1
3498,1
1854,1
22146,1
22246,0
13818,1
7858,1
1894,1
4664,1
3665,1
6895,1
1084,0
17243,1
9994,1
9707,1
8811,1
4703,1
6029,1
110,1
13025,1
23382,1
20588,0
2260,1
7471,1
5919,1
10628,1
19573,1
16786,1
9443,1
14715,1
11228,1
2439,1
11107,1
10142,1
12438,1
5918,1
2166,1
6694,1
13017,1
19704,1
19660,1
5448,1
11697,1
3914,1
9529,1
42,1
20689,1
59,1
4286,1
19859,0
16634,1
4534,1
12071,0
14684,0
1342,1
8435,1
23124,1
8192,1
4058,0
874,1
11774,1
7194,1
13604,1
16541,1
11977,1
6872,1
5147,1
16549,1
10543,1
9028,1
21019,1
21538,1
10102,1
17869,1
15814,1
15011,1
16257,1
6735,1
17516,1
10865,0
17775,1
17033,1
10122,1
16660,1
17545,1
19878,1
16135,0
11411,1
12412,1
16837,1
9841,0
10576,1
22316,1
22525,0
16666,1
6948,1
13329,1
18564,1
16729,1
22172,1
14966,1
17347,1
7646,0
13962,1
17742,1
5786,1
15599,1
14980,1
15840,1
15750,1
20589,1
23156,1
8312,1
5112,1
9537,1
14509,1
23507,1
20049,1
2780,1
3513,1
9390,1
11905,0
902,1
11844,1
17639,1
18197,1
5825,1
16796,1
16621,1
832,1
13103,1
14341,0
374,0
2121,0
19400,1
11427,1
22133,1
11626,0
5090,1
20998,0
10421,1
3769,1
17580,1
12688,0
22404,1
6186,1
6249,1
2731,1
2921,1
15112,1
19384,1
8798,0
7238,1
18752,1
12456,1
5554,1
17337,1
16289,1
5317,1
9968,1
2641,1
7271,0
13430,1
4620,1
23725,1
11091,1
7759,1
581,1
20068,1
11251,1
8616,1
16360,1
18241,1
21467,1
22818,0
7579,1
7677,1
18576,1
9555,1
15038,1
14821,1
11777,1
4685,1
5553,1
4892,1
13772,1
8774,1
14676,1
4921,1
12224,1
17538,1
579,1
20406,1
13185,1
17473,1
7994,1
3738,1
7207,1
9963,1
23106,1
1623,1
13949,1
20654,1
15782,1
23406,1
20141,1
9008,1
21286,1
2228,1
8530,1
14417,1
16310,1
16819,1
12589,1
13073,1
13022,1
13498,1
9063,1
20108,0
1019,1
8166,1
15944,1
2078,1
8358,1
524,1
6796,1
7836,1
15201,1
11891,1
16652,1
17682,1
12968,1
18880,0
5400,1
20963,1
4681,1
4461,1
18468,1
2179,1
534,1
2928,1
14650,1
20097,0
2651,1
8929,1
15723,1
10861,1
19510,1
18780,1
1907,1
18016,1
20833,1
4947,1
13890,1
4473,1
19566,1
14007,1
14156,1
19933,1
19354,1
2912,1
9483,1
16440,1
2413,1
14622,1
128,1
9525,1
8183,0
2416,1
11467,1
17051,1
22808,1
408,1
6938,1
869,1
10604,1
20926,1
11172,1
17661,1
20668,1
10429,1
11257,1
18391,1
13047,1
11124,1
15565,1
15997,1
1674,1
20555,1
6331,1
8723,1
14586,0
7532,0
2723,1
17919,1
12978,1
18762,1
8767,1
6767,1
13701,1
12212,1
14399,1
1258,1
22772,1
7781,1
118,0
4041,1
12430,1
1339,1
840,1
8663,1
15376,1
18447,1
21913,1
7550,1
17889,1
18451,1
15398,1
11883,1
4816,1
10242,0
2236,0
10789,1
15168,0
16867,1
13583,1
2648,1
21118,1
2189,1
1977,0
5845,1
22447,1
19331,1
19149,1
12770,0
7440,1
15523,1
10157,1
11016,1
7510,1
14371,1
171,1
190,1
23323,0
2685,1
467,1
6327,1
10603,1
812,1
13188,1
22888,1
11642,1
7584,1
7894,1
1051,1
7451,1
17966,1
2851,1
15440,1
9991,1
667,0
19324,1
6406,1
7192,1
12873,1
4369,1
5326,1
8966,1
5427,1
9151,1
11824,1
10674,1
7256,1
9788,1
2807,1
7862,1
14531,1
13254,1
17892,1
18116,1
2357,1
16280,0
10449,1
16350,1
22721,1
495,1
2149,1
7958,1
20375,1
433,1
3582,0
205,1
5643,1
9489,0
4481,1
5729,1
12311,1
22852,1
18818,0
11220,1
1592,1
16699,1
6846,1
2880,1
9781,1
20848,1
11581,1
11534,1
7926,1
17140,1
16295,1
10107,1
5527,1
18226,1
5517,1
11839,1
10773,1
20212,1
17625,1
4849,1
13283,1
6297,1
19801,1
1014,1
22063,1
3705,1
9078,1
16212,1
896,1
4736,1
6351,1
18130,1
15810,1
6235,1
15632,1
7255,1
173,1
297,1
13428,1
10721,1
13606,0
219,1
3952,1
6224,0
19013,1
9611,1
19782,1
10227,1
1773,1
5536,1
5160,1
2745,1
2879,1
19360,1
15566,0
17430,1
22037,1
19809,1
15597,0
2104,1
2842,1
12279,1
1349,1
15619,1
13905,1
4204,1
1788,1
3564,1
4560,0
21726,1
943,1
17597,1
10878,1
6633,1
13111,1
8755,1
20239,1
12568,1
21927,0
21463,1
1755,1
10950,1
21494,1
7296,1
18680,1
8420,1
14008,1
1218,1
9980,1
8872,1
18686,1
16430,1
12928,1
8114,1
15974,1
17612,0
14112,1
21108,1
12147,1
5333,1
7773,0
1110,1
13874,1
1368,0
8412,1
9302,0
19497,1
2064,1
20617,0
5775,1
21966,0
16857,0
1385,1
6924,1
13339,1
22711,1
18014,1
22882,1
7282,1
17681,1
13045,1
9285,1
19995,1
6709,0
7769,1
15488,1
4516,1
14074,1
19890,1
6662,1
2614,1
5995,1
23360,1
20184,1
8699,1
15374,1
4151,1
8948,1
21052,1
431,1
12948,1
10812,1
23184,1
10020,1
6734,1
10067,1
16120,1
8595,1
5387,1
20621,0
7658,1
16134,1
1496,1
16713,0
17782,1
6806,1
16633,1
15899,1
22677,0
8978,1
13414,1
2492,1
1776,1
8002,1
9360,1
938,1
23383,0
2892,1
4656,1
8572,1
14647,1
9415,0
13347,1
717,1
16433,1
10039,0
5511,1
14957,1
23211,1
5071,1
17983,1
20002,1
14711,1
10916,1
21690,1
5838,1
22189,1
10642,1
23672,1
7815,1
7666,1
10462,1
23134,0
13119,1
22562,1
5888,1
7095,1
23327,1
12152,1
10506,1
19421,1
4958,1
8528,1
23500,1
19474,1
23050,1
17734,1
19756,1
3529,1
16439,1
16208,0
18472,1
17932,1
13631,0
3087,1
11441,1
8383,1
10484,1
19968,1
8624,1
22167,1
19695,1
10968,1
1455,1
8623,1
9507,1
11640,1
18099,1
13259,1
18773,1
9051,1
16260,1
13107,0
12689,1
13035,1
13423,1
15090,1
10988,1
19504,1
2904,1
18271,1
21339,1
19815,1
14572,1
11717,1
8814,1
4074,1
10899,1
14679,1
4277,1
4205,1
23159,1
21101,1
8472,1
5573,0
18429,1
15571,1
2555,1
6485,1
16233,1
15380,0
20230,1
5470,1
3470,0
20535,1
19738,1
8702,1
10470,1
3691,1
10193,1
4266,1
14504,1
677,0
7825,1
11617,1
16411,1
9084,1
8378,1
23115,1
3145,1
16661,1
5507,1
17942,1
15781,1
16124,1
5099,1
9190,1
9394,1
16304,1
3627,1
8846,1
10044,1
18517,1
19892,0
13322,0
2176,0
13033,1
9169,1
8168,1
1627,1
19673,1
13901,1
4340,1
4126,1
12811,1
9209,1
13361,1
3903,1
18456,1
4757,1
14040,1
20706,1
3510,1
22599,1
287,1
12860,0
18599,1
8899,1
4566,1
17805,0
13740,1
1005,1
17803,0
12017,0
21844,1
4533,1
10783,1
6686,1
8071,1
10759,0
537,1
21059,1
6451,1
112,1
18687,1
12617,1
17595,1
1102,1
12890,1
3858,1
12886,1
390,1
12001,1
18296,1
3591,1
19395,0
15347,1
21481,1
7230,1
1413,1
5920,1
6349,1
19336,0
14524,1
5641,1
2074,1
21166,1
9801,1
7075,1
19777,1
23485,1
3141,1
12975,1
16302,1
2188,1
17931,1
21899,1
5620,1
777,1
3613,1
701,1
14455,1
3560,1
13080,1
20691,1
12819,1
21435,1
21057,1
6088,1
10396,1
1864,1
4105,1
22454,1
2356,1
10670,1
133,1
6559,1
12294,1
11676,1
22701,1
5564,1
15780,0
2564,1
10091,1
3411,1
22798,1
13479,1
3793,1
5189,1
8499,1
6058,1
21637,1
13378,1
15952,1
7918,0
20908,1
8975,1
7756,1
14865,1
19946,0
14239,1
8668,1
17943,1
4950,1
8863,1
1059,1
19220,0
3249,1
7245,1
23142,1
8241,1
328,1
2538,1
23391,1
14780,1
11769,1
11115,1
10616,1
11057,1
5602,1
3262,1
15269,1
28,1
4164,1
23512,1
4396,1
11183,1
6985,1
13264,1
9818,1
6876,1
10697,1
18027,1
16252,1
6726,1
8513,1
11565,0
13060,1
12148,0
6921,1
5760,1
7460,1
53,0
20798,1
1400,0
3687,1
16839,1
10540,1
3380,1
5623,1
5418,0
7676,1
4611,1
19632,0
22042,1
8838,1
23463,1
22083,1
12488,1
10149,1
8915,1
7835,1
2469,1
3235,1
16832,1
7768,1
12050,1
20306,1
1896,1
6048,0
20552,1
7649,0
22618,1
15472,1
132,1
19401,1
6301,1
6541,1
13991,1
12331,1
20644,1
4824,1
2407,1
5853,1
3679,1
14812,1
5693,1
1097,0
17039,1
22275,1
17320,1
15433,1
9420,1
15815,1
5094,1
13751,1
3515,1
9250,1
12936,1
21174,1
21399,1
10780,1
7968,1
5339,1
11261,1
2222,1
11118,1
10256,1
5056,1
21542,1
5830,0
2763,1
9596,1
2836,1
23254,1
14487,1
17329,1
12965,1
11188,1
20941,1
4111,1
18076,1
6500,1
4984,0
18129,1
1559,1
10306,0
13466,1
6793,1
7723,1
14971,1
20698,1
7411,1
16886,1
13219,1
18412,1
884,0
11229,1
13078,1
20244,0
14441,1
17863,1
9941,0
8274,1
9143,1
19781,1
11958,1
16318,1
22226,1
19058,1
5817,1
11524,1
4993,1
2279,1
10284,1
15034,0
13226,1
10831,1
552,1
12716,1
16992,1
14030,0
22203,1
5098,1
9609,0
6536,1
22584,1
16528,1
13165,1
21588,1
515,1
18341,1
16270,1
12976,1
2513,1
10751,1
14199,1
9605,1
16571,1
20446,1
1207,1
12170,1
2011,1
23574,1
14580,1
8453,1
9445,1
23623,1
715,1
17485,1
1427,1
7489,1
22704,1
6787,1
9770,1
9258,0
7425,1
13164,1
22402,1
18618,1
2466,0
2716,1
727,1
22389,1
8496,1
2867,1
6712,1
12747,0
6917,1
10943,1
9543,0
14520,1
8269,1
15310,1
12470,1
12775,1
8226,1
4584,1
17241,1
4583,1
11268,0
21285,1
11816,1
20883,1
19337,1
16787,1
11875,1
23696,1
18148,1
21015,1
19352,1
10653,1
8683,0
23039,1
8244,1
13675,1
19693,1
18329,1
16845,1
23232,1
15000,1
12630,1
20075,1
7353,1
18486,1
9326,1
9291,1
22946,1
22372,1
17044,1
20701,1
3410,1
22495,1
318,1
9097,1
20612,1
10395,1
6656,0
304,1
6050,0
10294,1
14595,1
1034,1
16387,1
4789,1
9599,1
23034,1
22659,1
7706,1
13798,1
21182,0
1232,1
21039,1
17899,1
3778,1
4054,1
19644,1
22397,1
13449,1
689,1
21045,1
7793,1
769,1
1278,1
14062,1
20166,1
20525,1
11495,1
23444,1
20033,1
4394,1
15998,1
20679,1
16167,1
2242,1
22771,1
445,0
7792,1
2070,1
778,1
9871,1
15928,1
8077,1
142,1
5757,1
12389,1
2194,1
8397,0
8893,1
19335,0
17277,1
4130,1
18031,1
19483,1
21348,1
16947,1
3339,1
5060,1
18990,1
14716,1
18597,0
20269,1
3835,1
11454,1
4093,1
2845,1
11694,1
2920,1
6626,0
2027,1
3844,1
6325,1
10602,1
9733,0
18387,1
19076,1
11303,1
2810,1
17378,1
2847,1
17356,1
7622,0
7287,1
16960,1
6183,1
7082,1
12593,1
17036,1
19087,0
6154,1
14561,1
5686,1
2309,1
20599,1
12065,1
15702,1
20541,1
4212,1
3699,1
5609,1
10465,1
1621,1
6621,1
10693,1
8225,1
15043,1
4053,1
22005,1
5475,1
11754,1
22414,1
9293,1
6352,1
4870,1
362,1
21352,1
11388,1
296,1
10273,1
15323,1
6741,1
17720,1
18503,1
4255,1
7088,1
22188,1
735,1
19252,1
8096,1
3160,1
1961,1
2983,1
9231,0
3124,1
4963,1
19449,1
6368,1
3188,1
8566,1
21119,1
10461,1
4405,1
8733,1
17762,1
4743,1
17006,1
7248,1
11255,1
5765,0
7766,1
13567,1
4605,1
5766,1
16692,1
15607,1
3617,1
1594,1
13355,1
6034,1
20532,1
16919,1
11156,1
503,1
19236,1
8069,1
6411,0
8760,1
18637,1
22098,1
16464,1
15770,1
12301,1
12529,1
7838,1
17706,1
18315,1
18220,1
22662,1
16463,0
5811,1
4052,1
23518,1
3351,1
14613,1
7166,1
14695,1
17002,1
14505,1
21688,1
7964,1
16336,1
21870,1
15288,0
19175,1
15811,1
19208,1
11434,1
728,1
22279,1
9121,1
2704,1
10903,1
15865,1
8714,1
6465,1
20172,1
20430,1
23389,1
6021,1
16290,1
4152,1
23541,1
9540,1
6750,1
8820,1
12815,1
1762,1
22184,1
16809,1
4876,1
21086,0
11364,1
464,1
11431,1
5256,1
18392,1
1247,1
7929,1
21623,1
15985,1
7212,1
15786,1
5640,1
18855,1
17506,1
10398,1
1546,1
1378,1
10252,1
11597,1
8732,1
21522,1
8430,1
5324,1
7748,1
21258,1
6388,1
8785,1
12233,1
20245,0
5779,1
11043,1
3597,1
22732,1
261,0
20905,1
22606,1
9027,1
8602,1
1205,1
17676,1
21146,1
7699,1
2429,1
14937,1
11519,1
3222,1
12553,1
2219,1
7018,1
12620,1
926,1
10230,1
7277,1
7606,1
20683,1
23110,1
5820,1
75,1
17861,1
11291,1
17255,1
21689,1
19138,1
19864,1
23324,1
5921,1
13190,1
14829,1
1055,1
7116,1
15958,1
19129,1
18204,1
23085,1
14413,1
14,1
7519,1
20419,1
9270,1
369,1
1845,1
15244,1
14556,1
18909,1
22571,0
22131,1
20806,1
15495,1
17971,1
15822,1
19823,1
15390,1
23598,1
17510,1
23549,1
6609,1
12273,1
22792,1
14733,1
21382,1
12503,1
9629,1
3336,0
6007,1
11412,0
4169,1
21004,1
4024,1
6764,1
14404,1
18768,1
19991,1
23432,1
18827,1
13629,1
12324,1
8080,0
5004,1
3042,1
6134,1
6782,1
4007,1
3272,1
17395,1
13192,1
8400,1
16255,1
2205,1
20577,1
3829,1
4613,1
14374,0
12543,1
18617,1
7899,1
3989,1
19791,1
12838,1
6780,1
12795,1
6740,1
22256,1
13265,1
3598,1
18933,0
7447,1
18000,1
8273,1
19411,0
5619,1
11449,1
15068,0
2638,1
22093,1
8914,1
8522,1
17556,1
18506,1
18340,1
14367,0
16314,1
12486,1
17948,1
17499,1
2394,1
5827,1
17019,1
199,1
22145,1
14754,1
2802,1
7799,1
11716,1
23020,1
13034,1
21839,1
23645,1
16063,1
1695,1
4424,1
8504,1
17383,1
8106,1
11710,1
18898,1
16533,1
9517,1
9672,1
16338,1
6884,1
2037,1
7025,1
5423,1
8098,1
2680,1
10824,1
6105,0
15945,1
12201,0
11591,1
22284,1
22932,1
15260,1
23733,1
10199,1
5555,1
17854,0
6031,1
13235,1
4066,1
20001,1
10683,1
989,1
11671,1
14059,1
21264,1
16262,1
22071,1
12704,1
3040,1
6049,0
16419,0
18097,1
11560,1
10659,1
8070,1
17544,1
13252,1
799,1
9571,1
7251,1
10287,1
11106,1
16798,1
7496,1
22939,1
19592,1
2654,1
14500,1
10203,1
15608,0
4737,1
17259,1
6862,1
2591,1
2813,1
20304,1
17902,1
1276,1
17108,1
20457,1
5591,1
20937,1
17244,1
18310,1
6001,1
13855,1
15947,1
18749,1
7459,1
6156,1
15594,1
9831,1
12793,1
15448,1
21563,1
5068,1
23531,1
22082,0
12419,1
9141,1
4270,1
23416,1
22906,1
21255,1
4629,1
16505,1
22800,1
23314,1
2329,1
23566,1
12765,1
21545,1
14597,1
16164,1
3058,1
18693,1
6181,1
8867,1
11221,1
16847,1
2575,1
23154,1
4804,1
4809,1
5899,1
12280,1
13823,1
13204,1
10309,1
1116,1
3976,1
9447,1
16081,1
19025,1
22513,1
5612,1
9513,1
417,1
20801,1
7575,1
177,1
22452,1
7937,1
23627,1
16563,0
2359,1
264,1
1289,1
4593,1
2805,1
3024,1
6874,1
6530,1
368,1
22020,1
21507,1
2133,1
23368,0
16143,1
2022,1
21424,1
8945,0
18069,0
3977,0
13196,1
2259,1
11731,1
22320,1
13880,1
16602,1
98,1
13496,1
4398,1
1,1
20640,1
7751,1
23262,1
12221,1
15004,0
17559,1
12633,1
23503,1
18982,1
10689,1
17213,1
11341,1
2877,1
18028,1
2886,1
21787,1
11539,1
21568,1
21372,1
15513,1
18098,1
17934,1
3801,1
5002,1
14375,1
19625,1
18667,1
2066,1
15332,1
6133,1
16248,1
22593,1
14385,1
19947,0
21502,1
3915,1
17061,1
6252,1
14188,1
12724,1
8701,1
19226,1
9617,1
13594,1
13521,1
5688,1
9081,1
11153,1
5260,1
10676,1
12375,1
9178,1
13046,1
15604,1
22205,1
7570,1
22761,1
19748,1
23384,1
4988,1
22890,1
1246,1
17192,1
2445,1
7086,1
9735,1
11300,1
22974,1
21764,1
19941,1
23756,1
10715,1
17750,1
9757,1
5025,1
20506,1
22382,0
17179,1
11801,1
12323,1
12741,1
4397,1
19992,1
12346,1
1918,1
2426,1
18185,1
20559,1
21770,1
9473,1
4683,1
7546,1
9271,1
8906,1
21419,1
11884,1
22864,1
21597,1
21041,0
7020,1
1227,1
20942,1
9501,1
14513,1
15414,1
4106,1
8396,1
1580,1
16881,1
5798,1
7378,1
16215,1
17766,1
8850,1
4059,0
19415,1
19651,1
1658,1
3416,1
4716,1
23608,1
15984,0
509,1
17216,0
15274,1
15350,0
2254,1
14907,1
4176,0
19869,1
21912,1
1568,0
21129,1
10793,0
14904,1
3731,1
23222,1
15648,1
14537,1
22672,1
974,1
10382,1
62,1
1654,1
7509,1
5663,1
21725,1
15940,1
4165,0
7196,1
3961,1
6858,1
14511,1
11311,1
6320,1
7184,1
17642,1
193,1
1888,1
8301,1
19891,0
20477,1
4899,1
23486,1
17018,1
23576,1
9365,1
9943,1
7890,1
23226,1
13703,1
11490,1
16477,1
21860,1
125,1
18574,1
2925,1
14908,1
15791,1
18881,1
18507,1
8854,1
11006,1
2751,1
21755,1
11938,1
15033,1
15527,1
1531,1
18162,1
11345,1
10966,1
16245,1
6456,1
6166,1
14446,1
10867,1
8439,1
21277,1
7476,1
14832,1
11598,1
3713,1
8428,1
2582,1
21527,1
20596,1
16768,1
13407,1
18074,1
815,1
12649,1
12476,1
10835,1
7530,1
11104,1
4840,1
775,1
18546,1
3956,1
12246,1
3787,1
2092,1
4861,1
8149,1
1940,1
22713,1
3863,1
21511,1
22835,0
5908,1
5433,1
17416,1
18676,1
13920,1
11879,1
541,1
11125,1
22333,1
5431,0
1021,1
13002,1
22770,1
9444,1
17226,1
10884,1
13691,1
17862,0
3686,1
2202,1
9045,1
3057,1
18899,1
14972,1
10133,1
10512,1
13876,0
23511,1
10971,1
20017,1
22461,1
22733,1
15419,1
6590,1
11413,0
5970,1
23286,1
1986,1
12909,1
8047,1
20557,1
14619,1
4055,1
3970,1
23760,1
21994,0
17465,1
6547,1
3297,1
12671,1
2478,1
23619,1
22673,1
10843,0
4146,0
16599,1
1108,0
7540,1
11113,1
19011,1
3798,1
3212,1
3366,1
14011,1
19156,1
20685,1
5506,1
3625,1
16451,1
10809,1
14489,1
15923,1
17923,1
16511,1
5062,1
14686,1
17745,1
20231,0
13332,1
14138,1
14013,1
1945,0
9225,1
7147,0
6212,1
20278,1
14871,1
10542,1
16784,1
22921,1
2456,1
16513,1
837,0
18290,1
5270,1
12392,1
7877,1
17940,1
15412,1
3458,1
9425,0
13215,1
3797,1
19372,1
17575,1
6242,1
22204,1
12193,1
5097,1
20370,1
736,1
1159,1
10403,1
20728,1
20505,1
21014,1
9312,0
13319,1
12771,1
18307,1
1501,1
20044,1
21383,1
9595,1
5913,1
5761,0
18928,1
19341,1
16097,1
19500,1
13988,0
22260,1
8827,1
23315,1
4175,1
15333,1
19640,1
7132,1
5083,0
13891,1
23310,1
17945,1
1926,1
21287,1
5514,1
8145,1
3794,1
15187,1
16826,1
9718,1
23614,1
6813,1
8908,1
1967,0
21065,1
4615,1
17697,1
7952,1
10845,1
457,1
2946,1
6123,1
16753,1
23658,1
8327,1
20325,1
1970,1
16972,1
9481,1
8544,1
22676,1
2171,0
3544,1
22034,1
23242,1
8068,1
12812,1
20956,1
19121,1
13166,1
11328,1
23353,1
12272,1
2747,1
8974,1
10516,1
4285,1
11488,1
3766,1
20264,1
5544,1
19547,1
9878,1
12069,1
5063,0
18946,0
3745,1
20380,1
9658,1
19340,1
2337,1
6025,1
11108,1
7719,1
3385,1
942,1
17211,1
15969,1
14491,1
4682,1
9937,1
6310,0
3213,1
11753,1
22290,1
21782,1
5432,1
14160,1
8483,1
1424,1
7416,0
21779,1
5037,1
14801,1
10796,1
3434,1
21942,1
6037,1
22625,1
10619,0
16044,1
20170,1
21124,1
14463,1
981,1
9266,1
5797,1
16515,1
764,0
22912,1
14882,1
12251,1
15114,1
18227,1
10009,1
20863,1
19385,1
21712,1
5253,1
13763,1
14082,1
15296,1
13858,1
4811,1
22283,1
1006,1
11003,1
11298,1
19299,1
2696,1
21329,1
22707,0
8014,1
13882,1
21832,1
7046,0
6603,0
21159,1
15037,1
10075,1
15973,1
13630,0
13657,0
3776,1
13687,1
1226,1
17725,0
16771,1
22254,1
11451,1
3555,1
1404,1
12582,1
9808,0
4231,1
14734,1
22661,1
6523,1
13712,1
10810,1
14796,1
18393,1
18106,0
10709,1
21649,1
5906,1
10008,1
8900,1
10292,1
19224,1
6860,1
13575,1
19600,0
17904,1
4719,1
2890,1
465,1
22023,1
22117,1
3270,1
22407,1
11295,1
6386,0
3933,1
5968,1
7785,1
20835,1
3864,1
19150,1
12872,0
23298,1
10316,1
15463,1
19404,1
18940,1
21353,1
11834,1
5043,1
1783,0
16640,1
11450,1
4803,0
14095,1
3123,1
19074,1
10587,1
1584,1
2031,0
22455,1
5087,0
21349,1
9709,0
3649,0
9706,1
13717,1
3628,0
9783,1
9726,1
10568,1
23709,1
6295,0
7144,1
20434,1
12260,1
6428,1
3365,1
19662,1
18452,1
4959,1
9239,1
17632,1
22681,1
20385,1
21472,1
5876,1
17566,1
23460,1
10732,1
21390,1
6994,1
5580,1
1881,1
16334,1
22457,0
21381,1
10333,1
13019,1
18344,1
19457,1
7244,1
22155,1
19450,1
6038,1
5520,1
2389,1
18087,1
13922,1
1028,1
1133,1
14862,1
862,1
22032,1
10895,1
4318,1
13121,1
11624,1
23067,1
11567,1
18324,1
11897,1
13450,1
17523,1
21939,1
23369,1
21829,1
15646,1
7663,1
18927,1
18147,1
14484,1
2779,1
17834,0
7327,1
19754,1
6729,1
8644,1
8463,1
18115,1
7233,1
11968,1
7665,1
7764,1
16544,1
16892,1
22936,1
16033,1
21126,1
9724,1
1535,1
7871,1
12262,1
17946,1
19032,1
13460,1
12926,1
19133,1
11240,1
12929,1
16277,1
3937,1
22398,1
21728,1
4046,1
10840,0
3685,1
5644,1
6922,1
12778,1
16681,0
19206,1
8708,1
7657,1
7632,1
3708,0
8536,1
22344,1
21260,1
15210,1
910,1
20099,1
15875,1
22219,1
20647,1
6952,1
9854,1
22640,1
22353,1
16150,1
7750,1
22483,1
14129,1
17157,1
4693,1
8264,1
18032,1
11750,1
8110,1
15186,1
13545,1
22499,1
19463,0
6679,1
7335,1
11140,0
6319,1
23198,1
10973,1
7639,1
20331,0
13750,1
20083,0
22351,1
19192,1
13661,1
20122,1
15109,1
3569,1
10272,1
7743,1
2918,1
23330,1
14435,1
20733,1
4937,1
71,1
7552,1
11878,1
7774,1
5836,1
16243,1
14194,1
14593,1
11924,1
5857,1
18621,0
1509,1
15838,0
2221,0
15073,1
19445,1
22151,1
21612,1
12471,1
8495,1
10357,1
6093,1
11088,1
14470,0
16329,1
8972,1
23112,0
4793,1
9859,1
13218,1
18736,1
1381,1
13500,1
20473,1
23544,1
6069,1
13281,1
3315,1
4557,1
16183,1
9346,1
17218,1
21431,1
20978,1
20233,1
4201,1
9016,1
16490,1
135,1
12751,1
1544,1
9503,1
748,1
3614,1
2874,1
5268,1
23431,1
1088,1
15010,1
9754,1
4284,1
10236,1
12856,1
14545,1
23276,1
21500,1
8703,1
17915,1
10170,1
20859,0
20909,1
22248,1
4220,1
13241,1
13381,1
4122,1
19564,1
23111,1
602,1
8418,1
9853,0
5790,1
7569,1
7306,1
18934,1
5364,1
6191,1
7059,0
6546,1
4184,1
15396,1
11114,1
5067,0
20620,1
1099,1
21486,1
6149,1
13726,1
23078,1
12773,1
20332,0
23207,1
16562,1
16781,1
10711,1
14728,1
10526,1
19373,1
22862,1
346,1
17804,1
992,1
19,1
8805,1
8681,1
4938,1
16240,1
7317,1
1622,0
9760,0
76,1
3930,1
1476,1
1237,1
10066,1
19982,1
2076,1
5545,1
9115,1
8583,0
23097,1
13134,1
18007,1
12382,1
10892,1
23292,0
7684,1
2118,0
12303,0
10936,1
4492,1
421,1
15694,1
11475,1
18225,1
7323,1
17587,1
14705,1
130,0
21408,1
16316,1
13202,1
15601,1
10888,1
23091,1
9909,1
22251,1
17753,1
14557,1
4017,1
14689,1
6153,1
14091,1
7680,1
22432,1
19803,1
1597,1
22190,0
18461,1
7731,1
20224,1
22953,1
6550,1
7576,1
4433,1
19374,1
21618,1
158,1
5274,1
2355,1
18734,1
148,0
18714,1
19151,1
9196,1
22801,0
2192,1
14004,1
13769,1
10708,1
10798,1
2608,0
5659,1
16156,1
14443,1
5336,1
19744,1
10855,1
21496,0
12761,1
10026,1
10202,0
2607,1
2793,1
16580,0
21621,1
10597,1
4675,1
19053,1
8143,1
4208,1
11833,1
4505,1
15582,1
8248,1
22479,1
16366,1
22745,1
16347,1
4370,1
12101,1
20995,1
15956,1
8200,1
5255,1
6003,1
20921,1
3414,1
13698,1
22514,1
21833,1
12822,1
19075,1
3139,1
10734,1
20778,1
6991,1
16259,1
2348,1
20622,1
4912,1
10172,1
11948,1
9022,1
12058,1
19345,1
9549,1
12843,1
16542,1
4362,1
617,1
21546,1
20762,1
12384,1
17265,1
12715,1
21891,1
12356,1
1555,1
1251,1
979,1
11923,1
9251,1
12006,1
11271,1
9056,1
5273,1
3343,1
22282,1
5440,1
17105,1
5129,1
729,1
3712,1
17419,1
12451,1
18571,1
22557,1
19796,1
7535,1
6459,0
19090,1
1790,1
18640,1
212,1
8818,1
9862,1
10919,1
23355,1
10130,1
994,1
7388,1
1306,1
21739,1
20931,1
901,1
6240,1
12606,1
13354,1
5455,0
7190,1
2035,1
19950,1
9254,1
12421,1
16780,1
7235,1
22861,1
393,1
1656,1
16522,1
7006,1
13501,1
20060,1
13037,1
13793,1
8290,1
12525,1
9392,1
18286,0
13249,1
10529,1
5121,1
21962,1
13444,1
18164,1
17846,1
23148,1
22630,1
1128,0
18398,0
11246,1
18782,0
20948,1
15404,1
1645,1
7807,1
6408,0
9944,1
7539,1
17154,1
23191,1
23405,1
10183,1
2381,1
13776,1
19430,1
21471,1
8946,1
11984,1
7526,1
5414,1
12210,1
22228,1
19914,0
22616,0
6066,1
18332,1
19012,1
12345,1
7712,1
10828,1
3654,1
20156,1
6950,1
22322,1
1999,1
20828,1
2664,0
5127,1
5289,1
5349,1
6416,0
5221,1
6324,1
3347,1
6213,1
22119,1
16402,1
3485,1
771,1
5781,1
15385,1
19219,1
15356,1
12736,1
10148,1
19685,1
15514,1
4259,1
21567,0
18800,0
3462,1
7227,1
22004,0
23239,1
16082,1
14646,1
22509,1
8375,1
3444,1
1726,1
19700,0
23728,1
13318,1
5839,1
16324,1
7796,1
13448,1
17389,1
12696,1
8294,1
14923,1
320,1
9242,1
19378,1
21026,1
19583,0
10957,1
23703,1
14792,1
9972,1
810,1
15192,1
12174,1
12205,1
20754,1
20460,1
5819,1
4889,1
12175,1
716,1
16614,1
9295,0
141,1
15951,1
22373,1
16668,1
13932,1
7615,1
4991,1
15467,1
965,1
18212,1
1297,1
4791,1
18897,0
20031,1
16547,1
19874,1
18394,1
3870,0
17022,0
11041,1
14237,1
12579,1
6504,1
13912,1
9643,1
10837,1
13563,1
7989,1
21117,1
19486,1
8852,1
16193,1
10844,1
17540,0
8073,1
21684,1
10233,1
4135,0
6462,1
6653,1
9268,1
11935,1
890,1
22477,1
21710,1
1711,1
7034,1
4427,1
21907,1
2861,1
7381,1
6276,1
18593,1
21881,1
6268,1
15850,1
6238,1
11961,1
22112,1
22269,1
6730,1
14508,1
23474,1
19044,1
5703,1
13156,1
567,0
9175,1
3321,0
880,1
9816,1
9939,1
1185,1
16002,1
11903,1
11599,1
11189,1
5632,1
17322,1
19567,1
19871,1
17025,1
10974,1
2794,1
5434,1
20485,1
5974,1
16503,1
13301,1
10607,1
16281,1
14499,0
14569,1
6622,1
11778,1
5292,1
15562,1
629,1
7525,1
21439,1
9163,1
17149,1
6600,1
17436,1
1817,1
13745,1
12876,1
8556,1
20607,1
3479,1
21198,1
13888,1
2765,0
7560,1
14518,1
22080,0
3446,1
11583,1
3388,1
3038,1
7898,1
3626,0
16552,1
5737,1
6553,1
14999,1
12818,1
18921,1
436,1
18901,1
21838,1
22166,1
7892,1
5924,1
5646,1
21560,1
8697,1
4014,1
15477,1
10247,1
17472,1
22563,1
2208,1
22588,1
13295,1
16877,1
11054,0
12062,1
7679,1
8238,1
1728,1
19465,1
13896,1
23032,1
8203,1
4895,1
8954,1
9974,0
21485,1
12849,1
12132,1
14492,1
12836,1
17239,1
8895,1
10206,1
399,0
20610,1
15508,1
8097,1
13041,1
16112,1
8304,1
19716,1
16286,1
13282,1
12095,0
22346,1
15301,0
13418,1
10991,1
13514,1
549,1
5793,1
19718,0
15588,1
17459,1
22317,1
16425,1
4496,1
1510,1
4941,1
14623,1
22539,1
20659,1
1718,1
1043,0
13284,1
11578,1
19603,1
3209,1
12406,1
11397,1
14772,1
9146,1
15470,1
14990,1
9468,1
16355,1
19232,1
16501,1
17168,1
2788,1
22109,1
11309,1
21873,1
20923,1
14833,1
12015,1
970,1
8640,1
18547,1
7079,0
11959,0
17007,1
13504,1
6925,1
1984,1
13383,1
18656,1
21586,1
3761,1
1518,1
20420,1
4254,1
20619,0
4210,1
9366,1
1912,1
17375,1
19423,1
14177,1
13835,1
20476,1
10134,1
3645,1
3667,1
3194,1
9922,1
13627,0
16558,1
2951,1
18029,1
12816,1
5683,1
7351,1
9971,1
17382,1
18141,1
23296,1
13502,1
5505,0
604,1
8695,1
8857,1
7380,1
17217,1
813,1
19541,1
15057,1
19000,1
8526,1
10354,1
20782,1
10859,1
18684,1
8172,1
10463,1
10887,1
19300,1
7740,1
11486,1
11433,1
18142,1
14698,1
16079,1
8938,1
15883,1
8660,1
7053,1
8376,1
1778,1
4445,1
21669,1
20830,1
16987,1
9597,1
16905,1
12551,1
6326,0
6909,1
7635,1
13702,1
18942,1
2289,1
14440,1
13290,1
18371,1
7334,1
19107,1
5162,1
11236,1
15499,1
11653,1
2055,1
5203,1
9107,1
16911,1
20857,1
22645,0
19764,1
21079,1
23116,0
20799,1
1798,1
8993,1
14694,0
16859,1
17159,1
21931,1
2878,1
14405,0
2476,1
7494,1
10615,1
15013,1
8185,0
263,1
11610,1
7822,1
12028,1
16763,1
3972,1
12666,1
11536,1
9664,1
18015,1
16568,1
12282,1
9198,1
5368,1
19480,1
17955,0
8962,1
20703,1
4523,1
5980,1
3344,1
19470,1
15544,0
1101,0
20452,1
4092,1
14315,1
5334,1
22531,1
7604,1
15169,0
527,1
9079,1
8144,1
11983,1
22434,1
16001,1
5747,1
11279,1
18050,1
20692,1
17196,1
11191,0
19531,1
7375,1
17806,0
17722,1
309,1
14268,0
21248,1
14165,1
5126,1
278,1
18695,1
1001,1
9947,1
18355,1
20663,1
6205,1
2662,1
9506,1
16301,1
20731,1
17855,1
19237,1
2752,1
11479,1
5307,1
6967,1
20822,1
21809,1
20447,1
1376,1
1302,0
23223,1
12474,1
13314,1
20670,1
9893,1
6472,1
10770,1
1505,1
8159,1
15130,1
19259,1
17838,1
14429,1
18805,1
21957,1
15532,1
23591,1
20464,1
4974,1
22874,1
5577,1
16944,1
8321,1
3710,1
1076,1
17695,1
7360,1
21750,1
3330,1
15992,0
2325,1
16271,1
5426,1
3553,1
7036,1
18843,1
9490,1
19309,1
8762,1
2698,1
666,0
3773,1
17341,1
4373,1
21817,1
22894,1
17038,1
17738,1
20540,1
8296,1
9915,1
9131,1
4080,1
19092,1
10832,0
14497,1
6437,1
3913,1
18557,1
5385,1
14051,1
10528,1
14800,1
15564,1
18769,1
2412,1
20020,1
10724,1
5248,1
13456,1
7827,1
20823,1
10847,1
22473,1
1913,1
22809,1
13625,1
5325,1
21327,1
10029,1
6258,1
21557,1
5384,1
23560,1
2869,1
23716,1
21889,1
12565,1
3256,1
8263,1
15518,1
9428,1
1751,1
6106,1
22774,1
23041,1
5130,1
18835,1
21259,1
12738,1
1834,1
5567,0
1862,1
10237,1
4842,0
20868,1
21168,1
19294,1
7752,1
6214,1
10874,1
4227,0
14864,1
3566,1
13181,1
16141,1
22527,1
15408,1
13268,1
9864,1
11744,1
20440,1
10343,1
6979,1
8766,1
22413,0
7490,1
15915,1
6657,0
4344,1
18636,1
18418,1
19837,1
21346,1
14719,1
22671,0
5070,1
16537,1
19907,1
4002,1
1927,1
17399,1
20474,1
2147,1
4244,1
19679,0
20055,1
19216,1
3894,1
2768,1
13895,1
12940,1
5566,1
8662,1
3144,1
10964,1
4992,0
2297,1
8109,1
11224,1
5231,1
12480,1
8444,1
17518,1
1032,1
9128,1
5186,1
20996,0
18575,0
1734,1
18358,1
6272,1
17992,1
2566,1
4107,1
17250,1
11675,1
9245,1
5318,1
17847,1
4571,0
1605,1
4568,1
10975,1
4961,1
22652,1
4304,1
19940,0
18588,1
12468,1
19499,1
3857,1
23729,1
14779,1
18569,1
1158,1
3234,1
3281,1
13139,1
20814,1
16931,1
10258,1
6415,1
9438,1
20527,0
4291,1
712,1
6395,1
12982,1
22543,1
17100,1
483,1
15215,1
17968,1
7745,1
1651,1
2441,1
15348,1
17028,1
23409,1
13085,1
2173,1
17975,1
8579,1
4673,1
3093,0
7314,1
18859,0
20024,1
5488,1
7454,1
17314,0
21993,1
8456,1
16999,1
22598,1
11971,1
12066,1
13677,1
22734,1
783,1
4591,1
23637,1
15002,1
15178,1
11305,1
7563,1
15226,1
7823,1
12287,0
1259,1
1105,1
462,1
19578,1
6853,1
8654,1
13135,1
413,1
14358,1
19218,1
23252,1
22575,1
23677,1
10487,0
4366,1
5417,1
12321,1
14540,1
6237,1
13125,0
20636,1
12887,1
12415,1
16478,1
1985,1
18467,1
10362,1
14806,1
12505,1
9034,1
14693,1
8188,1
21554,0
15734,1
17224,0
8596,1
20189,1
267,1
6139,1
19561,1
7542,1
14336,1
8338,1
1364,1
22193,1
11405,1
12266,1
14641,1
9494,1
14204,1
8085,1
22491,1
18521,1
18128,1
16884,1
20598,1
23546,1
221,1
6685,0
10866,1
12454,1
1571,0
16426,1
20399,1
14644,1
6736,1
2528,1
4040,1
108,1
21806,1
8527,1
16925,1
16089,1
19173,1
18670,1
185,1
9505,1
11159,0
19492,0
4747,1
4990,1
599,1
2511,1
1148,1
9167,1
3171,1
13224,1
8254,1
20220,1
25,1
7758,1
14558,1
15609,1
20300,1
7173,1
8608,1
21051,1
5150,1
4469,1
19886,0
3352,1
16929,0
15577,1
22695,1
251,1
6608,1
10714,1
21459,1
432,1
15605,1
9308,1
13311,1
22923,1
12038,1
894,1
6492,0
18477,1
1844,1
18357,1
6526,1
12238,1
17077,1
22987,1
15505,0
3504,1
8318,1
18202,1
9349,1
21986,0
13612,1
2100,1
19784,1
16369,1
4377,1
12190,0
18368,1
14415,1
14485,1
12308,1
8826,1
4283,1
20913,1
2829,1
14591,1
7971,1
10727,1
1634,1
931,1
15009,1
3337,1
15917,1
2739,1
10703,1
87,1
16157,1
14256,1
12622,1
9448,1
11873,1
16220,1
2287,1
23404,1
6447,1
11827,1
19993,1
2406,1
18978,1
18025,0
2992,1
11656,1
19521,1
6708,1
14117,1
6772,1
1453,1
22824,1
5300,1
20716,1
14395,1
5909,1
15324,0
22159,1
774,1
19152,1
3701,1
9716,1
23268,1
6618,1
4167,1
8154,1
15754,1
2824,1
18045,1
16359,1
4368,0
6822,0
15977,0
19858,0
12951,1
13039,1
6674,1
16492,1
9872,1
10444,1
10276,0
11027,1
20369,1
21599,1
19142,1
1725,1
5244,1
18614,1
21743,1
3354,1
17835,0
4339,1
19969,1
6594,1
12651,1
21697,1
1317,1
12958,1
13289,1
5551,1
15584,1
10875,1
21319,1
8918,1
105,1
18732,0
7267,1
3436,1
11703,1
21717,1
9185,1
22103,1
496,1
14180,1
15338,1
11515,1
19238,1
23569,0
3816,1
21412,1
12759,1
7728,1
10510,1
15569,1
11556,1
20583,1
20739,1
19132,1
23510,1
19705,1
16395,1
9802,1
5951,1
12344,1
1438,1
1343,1
21250,1
22356,1
9600,1
18929,1
15636,1
19041,1
21591,1
10318,1
450,0
9339,1
9676,0
21084,1
16378,0
10319,1
9301,0
20637,1
20128,1
7508,1
8729,1
21935,1
9480,1
19979,1
15494,1
18423,1
22740,1
8559,1
16196,1
19079,1
22003,1
9204,1
12234,1
12542,1
14053,1
12219,1
20730,1
23731,1
2160,1
8277,1
13198,1
3984,1
12690,1
17726,0
1842,1
9998,1
396,1
4462,1
11478,1
7122,1
9807,1
16532,1
14970,1
8385,1
13614,1
15531,1
2063,1
8054,1
17428,1
1972,1
22840,1
17536,1
3604,1
19509,1
3225,1
15149,1
22759,1
14009,1
14063,1
6799,1
9277,1
12868,1
2637,1
5498,1
23011,1
12253,1
5682,1
14228,1
17212,1
16882,1
22209,1
1293,1
16933,1
21772,1
1186,0
5990,1
3516,1
16356,1
7065,0
4222,1
3287,0
4931,1
12840,1
7810,1
23452,1
2446,1
15067,0
2639,1
20354,1
11550,1
5287,0
19073,1
10813,1
6515,1
384,1
9201,1
16800,1
7028,0
12833,1
661,1
15204,0
8860,1
6233,1
10370,1
13993,1
20623,1
23426,1
10255,1
21845,1
5869,1
9524,1
7567,1
10163,1
17199,1
2610,1
15953,1
22724,1
5007,1
8113,1
19799,1
13602,1
11483,1
20723,1
15959,1
8864,1
18737,1
18321,1
15930,1
12902,1
23525,1
7035,1
12186,1
2130,1
15968,1
570,1
13141,1
2956,1
1425,1
20509,1
19545,1
2039,1
14403,1
4422,1
5306,1
23410,1
19594,1
11372,1
4260,1
2714,1
15388,1
21577,0
16459,1
12590,1
21531,1
19964,1
2465,1
6507,1
16967,1
1521,1
8128,1
13950,1
7222,1
23015,1
3495,1
10531,1
12665,1
9545,1
9152,1
789,1
754,1
3204,1
17376,1
19377,1
15727,0
10282,1
8671,1
19242,1
12580,1
14184,1
10324,1
23738,1
16428,1
1318,1
3236,1
17181,1
3265,1
20381,1
22776,1
12256,1
17146,1
6579,1
4735,1
10965,1
22613,1
8479,1
10205,1
17938,1
23129,1
15957,0
4313,1
23228,1
8873,1
11655,1
19998,1
8272,1
1120,1
1273,1
9619,1
18377,1
18719,1
23230,1
14372,1
16399,1
15486,1
5058,1
23759,0
13670,1
22834,1
8341,1
9184,1
10983,1
124,1
9561,1
17879,1
3737,1
732,1
2327,1
17884,1
12956,1
12052,1
10153,0
19843,1
19828,1
23434,1
14574,1
618,1
15672,1
4597,1
17368,1
7659,1
12669,1
8601,1
19729,1
5823,1
15933,0
11673,1
17741,1
5575,1
6391,1
22657,1
19366,1
4691,1
3012,1
23461,1
11045,1
2516,1
8816,1
18823,1
10314,1
21362,0
6379,1
14993,1
6489,0
4902,1
18765,0
15665,1
14265,1
4256,1
1316,1
573,1
9402,1
7172,1
14113,1
11602,1
17453,1
16645,1
19478,1
3917,1
18971,1
10181,1
1720,1
22503,1
17606,1
19094,1
22819,0
22511,1
17056,1
12354,1
11579,1
17679,1
15452,1
10963,1
16606,1
6765,1
15948,1
7377,1
983,1
6436,1
16653,1
17511,1
4810,1
9657,1
7771,1
18729,0
20327,1
7784,1
5454,1
23744,1
12154,0
7959,1
17188,1
97,1
12409,1
14687,1
22758,1
17784,1
11171,1
15519,1
4734,1
13153,1
1261,1
571,1
10764,1
13386,1
7945,1
10702,1
13276,1
12173,1
7450,1
1194,1
19758,1
821,1
11680,1
15593,1
17989,1
6868,1
7505,1
2882,1
18362,1
2871,1
12788,1
9845,1
19089,0
22526,1
12265,1
4547,1
18376,1
22257,1
4780,1
18199,1
14844,1
3849,1
3399,1
9286,1
2097,1
19733,1
1646,1
3589,1
4161,1
19747,1
15175,1
11737,1
8847,1
10452,1
4180,1
9794,1
15904,1
14273,1
4077,1
6285,1
5615,1
8033,1
6449,1
19307,1
14696,1
4821,0
6716,1
20614,1
23313,1
13847,1
5656,1
20710,1
20952,1
1177,1
6312,1
8792,1
7057,1
4863,1
13272,1
13487,1
18258,1
12702,1
19161,1
6383,1
23007,1
23144,1
3664,1
2975,1
14224,1
23562,1
11796,1
22546,1
11337,1
10334,1
5095,1
4907,1
3813,1
10048,1
9388,1
7441,1
22548,1
5030,1
23185,0
523,1
17353,1
15126,1
5395,1
17979,1
13523,0
8597,1
16083,1
16388,1
22201,1
6374,1
23321,1
18886,1
15961,1
7412,1
21430,1
15581,1
18712,1
13029,1
7398,1
7189,1
15029,1
17504,1
19464,1
20126,1
22321,1
13621,0
19514,1
17,0
23481,1
21821,1
21731,1
15351,1
1448,1
15955,1
522,1
3484,0
17069,1
8560,0
21169,1
20248,1
5038,1
13310,1
17977,1
7916,1
4537,1
2393,1
21291,1
14876,1
22138,1
13294,1
816,1
5360,0
5958,0
12640,0
13155,1
10564,1
22612,1
10515,1
8802,1
2766,1
16436,1
20436,1
6291,1
12866,1
21915,1
470,1
13720,0
4873,1
15123,1
14170,1
16712,1
4051,1
4257,1
15980,1
15783,1
9414,0
17421,1
14045,1
13777,1
3059,1
21514,1
950,1
6595,0
23249,1
20869,0
15705,1
10327,1
12596,1
19708,1
7523,1
823,1
14855,1
13334,1
18573,1
3523,1
2190,1
7801,1
144,1
16581,0
7990,1
3114,1
22445,1
12513,1
1839,1
16918,1
12682,1
4335,1
21532,1
3507,1
23397,1
1652,1
149,1
14774,1
13495,1
23674,1
4095,1
22958,1
18770,1
4651,1
18201,1
10661,1
23420,1
7524,1
20290,1
3132,1
21243,1
16697,0
574,1
9510,1
8943,1
562,1
10928,1
4839,1
12576,1
12458,1
14625,1
4612,0
9979,1
3185,1
13163,1
19030,1
4708,1
3768,1
1036,1
22052,1
16287,1
8643,1
1500,1
7991,1
15726,1
9646,1
16705,1
13349,1
1949,1
69,1
16730,0
17908,1
14888,1
15843,1
21919,1
22019,1
20492,1
2999,1
1952,1
3396,1
14975,1
22174,1
22822,1
14221,1
14512,1
23739,1
2318,0
10169,1
15939,1
4005,1
22439,1
9820,1
8276,1
18995,1
18046,1
6429,1
2527,1
13000,1
2644,1
13540,1
21679,1
11561,0
15522,1
2042,1
8115,1
11604,1
18739,1
14090,1
16961,1
6723,1
12172,1
12809,1
7949,1
8421,1
8641,1
21893,1
17062,1
8279,1
4078,1
23071,1
8843,1
20,0
9876,1
12477,1
14938,0
7985,1
4217,1
2985,1
21391,1
7125,1
178,1
21748,1
18610,0
17490,1
20335,1
512,1
7638,0
16392,1
13023,1
9692,1
3796,1
23464,1
4049,1
16236,1
19701,1
16109,1
16709,1
256,1
6220,1
10086,0
2986,1
2290,1
12807,1
20416,1
20764,1
17011,1
2156,1
113,1
1601,1
5487,1
15579,1
8049,1
1211,0
10101,1
5776,1
9400,1
22336,1
5136,1
7308,1
17622,1
13405,1
14412,1
1283,1
1153,1
9625,1
21202,1
5676,1
7800,1
20727,1
13676,1
4696,1
3739,1
4037,1
19703,1
22870,1
1724,1
12801,1
15466,1
2306,1
11730,1
16641,1
7595,1
15428,1
11957,1
5277,1
13534,1
15183,1
18422,1
11275,1
22171,1
11266,1
20615,1
7041,1
16106,1
16619,0
6538,1
20687,1
18777,1
6832,1
14732,1
1914,1
6748,1
4641,1
6412,1
18156,1
3032,1
11842,1
7650,0
2517,1
16153,1
9690,1
13637,1
13262,1
12562,1
22160,1
780,1
4417,1
7379,1
23519,1
5144,1
15328,1
17284,1
18073,1
11379,1
20582,0
11571,1
16396,1
4694,1
13668,1
1799,1
19627,1
6210,1
456,1
6232,1
1503,1
10483,1
19339,1
17973,1
6983,1
7630,1
9985,1
23049,1
7343,1
3106,1
19136,1
14763,1
16628,1
8736,1
10019,1
17083,1
10857,1
85,1
10623,1
20566,1
20139,1
22266,1
9154,1
286,1
10000,1
1838,1
2033,1
3131,1
14100,1
10533,0
22926,1
1136,1
15143,0
14547,1
22769,0
12776,1
4868,1
10818,1
15268,1
20503,1
19116,1
23016,1
12063,1
16586,1
5697,1
14707,1
4996,1
14101,1
13178,1
9329,0
16091,1
1515,1
12217,1
18158,1
9133,1
9290,1
3090,1
22270,1
156,1
2268,1
2223,1
6883,1
11157,1
20694,1
5460,1
17866,1
5606,1
2718,1
16550,1
9082,1
19280,1
15395,1
9195,1
9310,1
9274,1
19774,1
15950,1
22790,1
2252,1
405,0
9866,1
1996,1
20757,0
7274,1
17000,1
11096,1
11607,1
19636,1
18305,1
21306,1
21508,1
12398,1
19418,1
8371,1
1665,1
21495,1
21179,1
17712,1
9704,1
14072,1
10695,0
22285,1
5462,0
5799,1
10545,1
5516,1
22220,1
18988,1
8459,1
21356,1
923,1
21705,1
10666,1
4700,1
10210,1
21110,1
19683,0
13373,1
6696,1
6101,1
19322,1
3279,1
5964,0
4203,1
19317,1
15446,1
16776,1
6768,1
18696,1
10248,1
18010,1
11029,1
7209,1
20917,1
23435,1
4030,1
1987,1
17107,1
15058,1
17067,1
20175,1
13408,1
1523,1
18101,1
16854,1
7517,1
4869,1
13543,1
15758,1
4338,1
2859,1
14759,1
11514,1
8032,1
5166,1
16524,1
3973,1
14118,1
83,1
14875,1
13209,1
16851,1
2224,1
1859,0
21947,1
14919,1
15227,1
2284,1
20795,1
13900,1
6533,1
868,0
8831,1
3356,1
12911,1
2933,1
619,0
18870,1
6620,1
4150,1
21864,0
6545,1
1775,1
15265,1
23669,1
8937,1
4616,1
18833,0
21745,1
12023,1
8829,1
9076,1
11940,1
8786,1
23371,1
16876,1
5,1
14061,0
3775,1
11918,1
18641,1
21470,1
12379,1
702,1
11953,1
3412,1
17010,1
8024,1
6698,1
2864,1
2899,1
18153,1
7060,1
642,1
19292,0
7548,1
21482,1
4795,1
5283,1
5673,1
10262,1
23575,1
21466,1
18458,1
9386,1
14389,1
21076,1
2569,1
8613,1
3963,1
5009,1
5523,1
21053,1
4639,1
16225,1
22930,1
7300,1
4470,1
23263,1
768,1
5177,1
951,1
8194,1
18379,1
22301,1
19431,1
21579,1
11992,1
225,1
22597,1
13529,1
12102,1
20081,1
4416,1
12722,1
21181,1
3105,1
19298,1
4771,1
16868,1
33,0
21273,1
4276,1
15413,1
17579,1
7603,1
5865,1
16728,1
19771,0
12539,1
17656,1
9020,1
22521,1
11119,1
11555,1
19853,1
9536,1
1784,1
20348,0
21992,1
13766,1
13390,1
23561,0
4207,1
6889,1
5468,1
9996,1
14396,1
8446,1
7048,1
11707,1
14654,1
6634,0
23593,1
19211,1
18936,1
21173,1
22797,1
4906,1
15449,1
12654,1
21205,1
20665,1
4353,1
18428,1
3850,1
1858,1
8944,0
12036,0
5188,1
4823,1
18436,1
18745,1
18234,1
2295,1
22238,1
11077,1
21035,1
23165,0
16498,1
10137,1
10253,1
20251,1
11525,1
11949,1
14893,1
18980,1
4302,1
18318,1
10624,0
5190,1
18903,0
15644,1
18245,1
21365,1
770,1
6347,1
19085,1
16835,1
17719,1
14438,1
9932,1
14927,1
19332,1
17591,1
18733,1
6070,1
17610,0
10685,1
19268,1
20604,1
8345,1
7186,1
20192,1
21758,1
18145,1
1198,1
8009,1
2111,1
16969,1
14047,1
8905,1
8832,1
11008,1
9162,1
17991,1
7881,1
10637,1
2852,1
3947,1
7782,1
635,0
5181,1
4097,1
20897,1
7700,1
19097,0
9682,0
14891,1
19698,1
19709,1
6510,1
22028,1
6306,1
5633,1
1058,1
7499,1
6159,1
1732,1
21395,1
9800,1
5342,1
18659,1
1204,1
21455,1
18582,0
15573,1
4406,1
15259,1
11874,1
3875,1
13105,1
2629,1
17331,1
4279,1
3193,1
17930,1
4110,1
12922,1
13321,1
2019,1
21475,1
17619,1
22829,1
21960,1
9812,1
14666,1
6816,1
19905,1
2336,1
6587,1
19181,1
18250,1
17330,0
21067,1
21310,1
20216,1
10686,1
17053,1
15360,1
7326,1
5546,0
15739,1
3616,1
7518,1
1064,1
7163,1
21308,1
8801,1
11986,1
9281,1
23625,1
22293,1
10673,1
6706,0
22533,1
3753,1
21278,1
20094,1
11040,0
13597,1
11422,1
18697,1
19257,1
14042,1
5863,1
22481,1
16182,1
10322,1
15506,1
17260,1
20105,1
22007,1
18009,1
16234,1
15213,1
4233,1
14162,1
17677,1
7019,1
17787,1
10030,1
9898,1
19734,1
20423,1
4608,0
9232,1
11837,1
5466,1
12286,1
21296,1
8817,1
13603,1
657,1
17590,1
16190,1
19194,1
20204,1
8122,1
18883,1
10962,1
17850,1
57,1
7229,1
5658,1
17029,1
7974,0
3163,1
3353,1
21262,0
5116,1
5329,1
12588,1
16676,0
3695,1
18367,1
13333,1
13536,1
8449,1
5605,1
4488,1
7017,1
9715,1
5303,1
6317,1
22687,1
16349,1
12359,1
21416,1
15650,1
11863,1
7128,1
13759,1
6920,1
7420,1
22069,1
10331,1
21771,1
7528,1
2256,1
10144,1
4290,1
15882,1
15070,0
2621,1
21104,1
7891,1
5143,1
17387,1
12469,1
23103,1
16608,1
8426,1
17200,1
2172,1
10441,1
10298,1
5922,1
9756,1
19196,1
1729,1
593,1
2272,1
5867,1
23526,1
16471,1
16443,1
7016,1
7777,1
23624,1
10269,1
21672,1
14323,1
18950,1
22875,1
21301,0
11131,1
20326,1
1512,1
11869,1
7561,1
7371,1
11249,1
18840,1
20813,1
18559,1
16906,1
5291,1
5680,0
11042,1
18082,1
1950,1
13774,0
11920,1
13433,1
20537,1
5852,1
22337,0
3497,1
14750,0
4088,1
19202,1
19358,1
21094,1
20167,1
13055,1
8845,1
20336,1
17166,1
13206,1
17789,1
2620,1
7693,1
3077,1
23309,1
16647,1
15628,1
15254,0
5840,1
18253,1
23261,1
11980,1
21790,1
21945,1
20330,0
12372,1
17145,1
409,0
6857,1
2261,1
5247,1
16482,1
15685,1
19766,1
5510,1
9352,1
6334,1
1607,1
20839,1
22933,1
12025,1
2526,1
14183,1
10045,1
6446,1
17195,1
14460,1
14823,1
16381,1
10096,1
23060,1
19537,1
4919,1
18825,1
23379,1
12103,1
10443,1
21309,1
15105,1
240,1
3172,1
12623,1
18844,0
22460,1
12730,1
12763,0
18751,1
3648,1
3929,1
17917,1
4913,1
19380,1
10366,1
8821,1
19943,1
18189,1
11296,1
10445,1
14178,1
20624,1
349,1
22182,1
14963,1
17816,1
7007,0
5531,1
1820,1
8361,1
7833,1
15568,0
21220,1
15509,1
9902,1
8305,1
3869,1
15409,1
10982,1
4047,1
3806,1
7592,1
15299,1
9333,1
20461,1
19117,1
11864,1
458,1
8735,1
20302,1
15556,1
22295,1
7691,1
73,1
22877,1
22554,1
2395,1
19002,0
3486,1
6151,1
11516,1
16293,1
20955,1
1202,1
4395,1
10279,1
22113,1
11649,1
1676,0
17169,1
15886,1
16916,1
9673,1
22329,1
4096,0
11097,1
9976,1
8333,1
1229,1
11290,1
3799,1
5631,1
5154,1
13857,1
21561,1
11790,1
9170,1
18132,1
22299,1
20796,1
14581,1
1827,1
15117,1
6369,1
13590,1
4886,1
14592,1
18709,0
13650,1
14321,1
1397,1
8781,1
9100,1
8063,1
6918,1
23048,1
9851,0
17836,1
22427,1
8891,1
9924,1
16662,1
6201,1
9070,1
356,1
12604,1
3301,1
4120,1
6,1
10058,1
7705,1
2910,1
11648,0
18633,1
4311,1
23024,1
8142,1
23475,1
10207,1
19115,1
12192,1
17080,1
4448,0
14956,1
20242,1
21700,1
6402,1
21888,1
23480,0
20888,1
16110,1
5314,1
679,1
21312,1
822,1
8982,1
20162,1
3630,1
8027,1
10804,1
5194,0
8179,1
17928,1
12320,1
4898,1
13706,0
2498,1
23749,1
16937,1
19638,1
20425,1
21320,0
3730,1
2775,1
7262,1
400,0
7678,1
14743,1
18760,1
22085,1
6190,1
15745,1
3588,1
17462,1
266,1
767,1
10795,1
17833,0
22755,1
12241,1
4595,1
10880,1
10047,1
4261,1
43,1
12787,1
5607,0
19128,1
10750,1
18121,0
8187,1
586,1
7746,1
20899,1
18193,1
11049,1
12322,1
8747,1
18831,0
7983,1
19749,1
1109,1
4118,1
347,1
13459,1
4506,1
22908,1
6672,1
13288,0
13755,0
2386,1
8813,0
13926,1
9855,1
14866,1
8780,1
19944,0
22406,1
17065,1
19508,1
22369,1
21804,1
14287,1
17514,1
5489,1
19591,1
7739,1
4813,1
10141,1
17972,1
22396,0
15218,1
23375,1
3955,1
21559,1
18420,1
6785,0
191,1
1966,1
10246,1
12189,1
22788,1
8214,1
16467,1
18222,1
13980,1
10068,0
22498,1
15526,1
18722,1
15052,1
19009,1
16162,1
2083,1
3525,1
1041,1
14172,1
6675,1
21611,1
1975,1
17752,1
20826,1
608,1
14583,0
10731,1
5533,1
16343,1
2421,1
23564,1
2091,1
12888,1
13032,1
8706,1
8384,1
19427,1
1362,1
23430,1
2809,1
6589,1
15918,1
9416,1
8753,1
3420,1
8581,1
17916,1
13760,1
3164,1
9642,1
20753,1
7907,1
9463,1
3055,1
9327,1
18806,1
7427,1
7033,1
4671,1
20732,1
4904,1
7915,1
19139,1
11477,1
2502,1
13020,1
22879,1
14036,1
16417,1
11469,1
4211,1
3211,1
21624,1
22678,1
19507,1
13613,1
2898,1
14493,1
23245,1
49,1
17340,1
18522,1
23055,0
2532,1
2339,1
16113,1
22068,1
7148,1
17079,1
16209,1
20021,1
8322,1
8796,0
19836,1
5762,0
8072,1
22245,1
23029,1
10717,0
17058,1
9881,1
4094,1
7874,1
15963,1
23587,0
11406,1
10722,0
10264,1
17709,1
2760,1
